{
  "accuracy": 0.9979459990871107,
  "precision": 0.44919786096256686,
  "recall": 0.8571428571428571,
  "f1": 0.5894736842105263,
  "roc_auc": 0.9808287658057032,
  "test_size": 56962
}